SaleID,OrderID,ProductID,Quantity,UnitPrice,Discount,LineTotal
SALE00001,ORD00001,PROD0009,4,1602.75,0.15,5449.35
SALE00002,ORD00001,PROD0028,6,1307.92,0.0,7847.52
SALE00003,ORD00001,PROD0011,3,169.74,0.05,483.76
SALE00004,ORD00002,PROD0008,2,339.36,0.0,678.72
SALE00005,ORD00002,PROD0003,5,1220.01,0.0,6100.05
SALE00006,ORD00002,PROD0031,2,540.82,0.0,1081.64
SALE00007,ORD00003,PROD0015,4,1428.18,0.0,5712.72
SALE00008,ORD00003,PROD0011,5,169.74,0.0,848.7
SALE00009,ORD00004,PROD0015,4,1428.18,0.0,5712.72
SALE00010,ORD00004,PROD0010,1,521.27,0.0,521.27
SALE00011,ORD00005,PROD0026,3,895.09,0.15,2282.48
SALE00012,ORD00005,PROD0022,6,1602.87,0.1,8655.5
SALE00013,ORD00006,PROD0007,3,821.1,0.0,2463.3
SALE00014,ORD00007,PROD0023,2,1000.54,0.0,2001.08
SALE00015,ORD00008,PROD0017,3,562.14,0.0,1686.42
SALE00016,ORD00008,PROD0002,1,746.98,0.05,709.63
SALE00017,ORD00008,PROD0022,4,1602.87,0.1,5770.33
SALE00018,ORD00008,PROD0010,6,521.27,0.1,2814.86
SALE00019,ORD00009,PROD0004,1,236.83,0.0,236.83
SALE00020,ORD00009,PROD0015,1,1428.18,0.0,1428.18
SALE00021,ORD00010,PROD0027,2,1058.72,0.0,2117.44
SALE00022,ORD00011,PROD0027,3,1058.72,0.15,2699.74
SALE00023,ORD00011,PROD0013,6,1307.82,0.15,6669.88
SALE00024,ORD00012,PROD0019,5,538.55,0.0,2692.75
SALE00025,ORD00013,PROD0001,1,1466.86,0.0,1466.86
SALE00026,ORD00014,PROD0026,3,895.09,0.0,2685.27
SALE00027,ORD00014,PROD0005,1,686.66,0.05,652.33
SALE00028,ORD00014,PROD0003,1,1220.01,0.0,1220.01
SALE00029,ORD00014,PROD0029,5,223.02,0.05,1059.34
SALE00030,ORD00015,PROD0016,4,935.43,0.0,3741.72
SALE00031,ORD00015,PROD0001,3,1466.86,0.0,4400.58
SALE00032,ORD00015,PROD0013,2,1307.82,0.0,2615.64
SALE00033,ORD00015,PROD0022,3,1602.87,0.05,4568.18
SALE00034,ORD00016,PROD0002,5,746.98,0.1,3361.41
SALE00035,ORD00016,PROD0020,2,1082.31,0.15,1839.93
SALE00036,ORD00017,PROD0016,5,935.43,0.05,4443.29
SALE00037,ORD00017,PROD0014,1,158.83,0.0,158.83
SALE00038,ORD00017,PROD0029,3,223.02,0.05,635.61
SALE00039,ORD00018,PROD0014,6,158.83,0.1,857.68
SALE00040,ORD00018,PROD0007,2,821.1,0.15,1395.87
SALE00041,ORD00019,PROD0013,6,1307.82,0.0,7846.92
SALE00042,ORD00020,PROD0018,5,678.68,0.1,3054.06
SALE00043,ORD00020,PROD0026,3,895.09,0.05,2551.01
SALE00044,ORD00020,PROD0016,3,935.43,0.0,2806.29
SALE00045,ORD00020,PROD0012,1,965.33,0.0,965.33
SALE00046,ORD00021,PROD0001,3,1466.86,0.0,4400.58
SALE00047,ORD00021,PROD0029,4,223.02,0.1,802.87
SALE00048,ORD00022,PROD0025,2,587.47,0.0,1174.94
SALE00049,ORD00022,PROD0019,2,538.55,0.15,915.53
SALE00050,ORD00022,PROD0008,2,339.36,0.0,678.72
SALE00051,ORD00023,PROD0025,2,587.47,0.1,1057.45
SALE00052,ORD00024,PROD0012,2,965.33,0.0,1930.66
SALE00053,ORD00024,PROD0030,2,984.64,0.1,1772.35
SALE00054,ORD00024,PROD0027,3,1058.72,0.15,2699.74
SALE00055,ORD00024,PROD0028,6,1307.92,0.0,7847.52
SALE00056,ORD00025,PROD0023,6,1000.54,0.0,6003.24
SALE00057,ORD00026,PROD0019,2,538.55,0.05,1023.24
SALE00058,ORD00026,PROD0031,5,540.82,0.0,2704.1
SALE00059,ORD00027,PROD0016,1,935.43,0.0,935.43
SALE00060,ORD00027,PROD0002,2,746.98,0.1,1344.56
SALE00061,ORD00028,PROD0001,4,1466.86,0.0,5867.44
SALE00062,ORD00028,PROD0017,3,562.14,0.1,1517.78
SALE00063,ORD00029,PROD0026,3,895.09,0.15,2282.48
SALE00064,ORD00029,PROD0005,2,686.66,0.0,1373.32
SALE00065,ORD00030,PROD0001,2,1466.86,0.1,2640.35
SALE00066,ORD00031,PROD0025,5,587.47,0.0,2937.35
SALE00067,ORD00031,PROD0004,1,236.83,0.0,236.83
SALE00068,ORD00032,PROD0019,3,538.55,0.0,1615.65
SALE00069,ORD00032,PROD0004,2,236.83,0.15,402.61
SALE00070,ORD00032,PROD0011,4,169.74,0.15,577.12
SALE00071,ORD00032,PROD0010,4,521.27,0.15,1772.32
SALE00072,ORD00033,PROD0006,5,1338.44,0.15,5688.37
SALE00073,ORD00033,PROD0023,5,1000.54,0.0,5002.7
SALE00074,ORD00033,PROD0031,2,540.82,0.15,919.39
SALE00075,ORD00034,PROD0013,6,1307.82,0.15,6669.88
SALE00076,ORD00034,PROD0010,3,521.27,0.0,1563.81
SALE00077,ORD00035,PROD0024,6,683.28,0.1,3689.71
SALE00078,ORD00035,PROD0001,4,1466.86,0.1,5280.7
SALE00079,ORD00036,PROD0006,5,1338.44,0.0,6692.2
SALE00080,ORD00037,PROD0021,1,1362.12,0.05,1294.01
SALE00081,ORD00037,PROD0019,2,538.55,0.0,1077.1
SALE00082,ORD00038,PROD0008,3,339.36,0.0,1018.08
SALE00083,ORD00039,PROD0021,1,1362.12,0.15,1157.8
SALE00084,ORD00039,PROD0029,6,223.02,0.15,1137.4
SALE00085,ORD00040,PROD0015,2,1428.18,0.0,2856.36
SALE00086,ORD00040,PROD0001,6,1466.86,0.0,8801.16
SALE00087,ORD00040,PROD0009,3,1602.75,0.0,4808.25
SALE00088,ORD00041,PROD0024,1,683.28,0.0,683.28
SALE00089,ORD00042,PROD0015,4,1428.18,0.05,5427.08
SALE00090,ORD00042,PROD0024,4,683.28,0.0,2733.12
SALE00091,ORD00042,PROD0014,5,158.83,0.05,754.44
SALE00092,ORD00042,PROD0006,1,1338.44,0.05,1271.52
SALE00093,ORD00043,PROD0006,1,1338.44,0.0,1338.44
SALE00094,ORD00043,PROD0015,3,1428.18,0.0,4284.54
SALE00095,ORD00044,PROD0009,1,1602.75,0.0,1602.75
SALE00096,ORD00044,PROD0031,2,540.82,0.05,1027.56
SALE00097,ORD00044,PROD0004,2,236.83,0.15,402.61
SALE00098,ORD00045,PROD0018,1,678.68,0.0,678.68
SALE00099,ORD00046,PROD0023,6,1000.54,0.0,6003.24
SALE00100,ORD00046,PROD0001,5,1466.86,0.05,6967.58
SALE00101,ORD00046,PROD0014,2,158.83,0.0,317.66
SALE00102,ORD00046,PROD0031,1,540.82,0.0,540.82
SALE00103,ORD00047,PROD0007,6,821.1,0.1,4433.94
SALE00104,ORD00047,PROD0014,6,158.83,0.15,810.03
SALE00105,ORD00048,PROD0022,1,1602.87,0.0,1602.87
SALE00106,ORD00048,PROD0010,4,521.27,0.1,1876.57
SALE00107,ORD00048,PROD0008,5,339.36,0.05,1611.96
SALE00108,ORD00049,PROD0002,1,746.98,0.05,709.63
SALE00109,ORD00049,PROD0012,1,965.33,0.0,965.33
SALE00110,ORD00050,PROD0007,6,821.1,0.0,4926.6
SALE00111,ORD00050,PROD0004,1,236.83,0.05,224.99
SALE00112,ORD00050,PROD0001,1,1466.86,0.0,1466.86
SALE00113,ORD00050,PROD0006,4,1338.44,0.05,5086.07
SALE00114,ORD00051,PROD0029,6,223.02,0.1,1204.31
SALE00115,ORD00051,PROD0022,4,1602.87,0.0,6411.48
SALE00116,ORD00051,PROD0009,3,1602.75,0.05,4567.84
SALE00117,ORD00051,PROD0003,3,1220.01,0.0,3660.03
SALE00118,ORD00052,PROD0002,3,746.98,0.1,2016.85
SALE00119,ORD00052,PROD0009,1,1602.75,0.0,1602.75
SALE00120,ORD00052,PROD0015,6,1428.18,0.15,7283.72
SALE00121,ORD00052,PROD0008,1,339.36,0.0,339.36
SALE00122,ORD00053,PROD0026,5,895.09,0.0,4475.45
SALE00123,ORD00053,PROD0018,5,678.68,0.0,3393.4
SALE00124,ORD00053,PROD0014,4,158.83,0.1,571.79
SALE00125,ORD00054,PROD0031,4,540.82,0.1,1946.95
SALE00126,ORD00054,PROD0018,2,678.68,0.05,1289.49
SALE00127,ORD00054,PROD0022,3,1602.87,0.0,4808.61
SALE00128,ORD00054,PROD0028,4,1307.92,0.15,4446.93
SALE00129,ORD00055,PROD0017,5,562.14,0.1,2529.63
SALE00130,ORD00056,PROD0004,4,236.83,0.0,947.32
SALE00131,ORD00056,PROD0031,2,540.82,0.0,1081.64
SALE00132,ORD00057,PROD0005,4,686.66,0.0,2746.64
SALE00133,ORD00057,PROD0002,6,746.98,0.05,4257.79
SALE00134,ORD00058,PROD0027,2,1058.72,0.1,1905.7
SALE00135,ORD00058,PROD0021,3,1362.12,0.0,4086.36
SALE00136,ORD00059,PROD0003,4,1220.01,0.1,4392.04
SALE00137,ORD00060,PROD0018,5,678.68,0.05,3223.73
SALE00138,ORD00060,PROD0011,1,169.74,0.15,144.28
SALE00139,ORD00060,PROD0028,5,1307.92,0.1,5885.64
SALE00140,ORD00060,PROD0009,5,1602.75,0.05,7613.06
SALE00141,ORD00061,PROD0014,2,158.83,0.0,317.66
SALE00142,ORD00062,PROD0030,1,984.64,0.1,886.18
SALE00143,ORD00063,PROD0026,3,895.09,0.1,2416.74
SALE00144,ORD00064,PROD0029,4,223.02,0.15,758.27
SALE00145,ORD00064,PROD0014,4,158.83,0.1,571.79
SALE00146,ORD00064,PROD0009,5,1602.75,0.05,7613.06
SALE00147,ORD00065,PROD0006,3,1338.44,0.05,3814.55
SALE00148,ORD00066,PROD0020,6,1082.31,0.05,6169.17
SALE00149,ORD00066,PROD0022,1,1602.87,0.05,1522.73
SALE00150,ORD00067,PROD0023,6,1000.54,0.05,5703.08
SALE00151,ORD00067,PROD0008,3,339.36,0.0,1018.08
SALE00152,ORD00067,PROD0002,1,746.98,0.0,746.98
SALE00153,ORD00068,PROD0010,4,521.27,0.15,1772.32
SALE00154,ORD00068,PROD0009,6,1602.75,0.0,9616.5
SALE00155,ORD00068,PROD0027,2,1058.72,0.0,2117.44
SALE00156,ORD00069,PROD0024,3,683.28,0.0,2049.84
SALE00157,ORD00069,PROD0015,6,1428.18,0.05,8140.63
SALE00158,ORD00069,PROD0025,5,587.47,0.15,2496.75
SALE00159,ORD00070,PROD0007,4,821.1,0.0,3284.4
SALE00160,ORD00071,PROD0024,3,683.28,0.0,2049.84
SALE00161,ORD00071,PROD0016,5,935.43,0.0,4677.15
SALE00162,ORD00071,PROD0025,1,587.47,0.0,587.47
SALE00163,ORD00071,PROD0017,6,562.14,0.1,3035.56
SALE00164,ORD00072,PROD0005,5,686.66,0.0,3433.3
SALE00165,ORD00072,PROD0025,2,587.47,0.0,1174.94
SALE00166,ORD00072,PROD0028,2,1307.92,0.0,2615.84
SALE00167,ORD00072,PROD0017,2,562.14,0.0,1124.28
SALE00168,ORD00073,PROD0002,2,746.98,0.0,1493.96
SALE00169,ORD00073,PROD0030,3,984.64,0.05,2806.22
SALE00170,ORD00073,PROD0012,5,965.33,0.05,4585.32
SALE00171,ORD00073,PROD0023,6,1000.54,0.0,6003.24
SALE00172,ORD00074,PROD0008,3,339.36,0.05,967.18
SALE00173,ORD00075,PROD0006,5,1338.44,0.1,6022.98
SALE00174,ORD00075,PROD0031,3,540.82,0.0,1622.46
SALE00175,ORD00075,PROD0028,2,1307.92,0.0,2615.84
SALE00176,ORD00075,PROD0016,6,935.43,0.15,4770.69
SALE00177,ORD00076,PROD0010,1,521.27,0.05,495.21
SALE00178,ORD00077,PROD0006,5,1338.44,0.0,6692.2
SALE00179,ORD00078,PROD0021,6,1362.12,0.0,8172.72
SALE00180,ORD00078,PROD0008,3,339.36,0.15,865.37
SALE00181,ORD00079,PROD0017,6,562.14,0.0,3372.84
SALE00182,ORD00079,PROD0001,4,1466.86,0.0,5867.44
SALE00183,ORD00079,PROD0028,6,1307.92,0.0,7847.52
SALE00184,ORD00079,PROD0025,5,587.47,0.0,2937.35
SALE00185,ORD00080,PROD0009,3,1602.75,0.15,4087.01
SALE00186,ORD00080,PROD0020,6,1082.31,0.15,5519.78
SALE00187,ORD00081,PROD0014,3,158.83,0.05,452.67
SALE00188,ORD00081,PROD0029,3,223.02,0.0,669.06
SALE00189,ORD00081,PROD0013,4,1307.82,0.0,5231.28
SALE00190,ORD00082,PROD0019,6,538.55,0.0,3231.3
SALE00191,ORD00082,PROD0004,5,236.83,0.15,1006.53
SALE00192,ORD00082,PROD0001,5,1466.86,0.1,6600.87
SALE00193,ORD00082,PROD0017,3,562.14,0.0,1686.42
SALE00194,ORD00083,PROD0016,1,935.43,0.0,935.43
SALE00195,ORD00084,PROD0021,3,1362.12,0.0,4086.36
SALE00196,ORD00084,PROD0011,6,169.74,0.15,865.67
SALE00197,ORD00084,PROD0028,6,1307.92,0.0,7847.52
SALE00198,ORD00085,PROD0005,2,686.66,0.0,1373.32
SALE00199,ORD00085,PROD0017,5,562.14,0.05,2670.16
SALE00200,ORD00086,PROD0022,1,1602.87,0.15,1362.44
SALE00201,ORD00086,PROD0005,4,686.66,0.0,2746.64
SALE00202,ORD00086,PROD0024,3,683.28,0.05,1947.35
SALE00203,ORD00087,PROD0013,6,1307.82,0.1,7062.23
SALE00204,ORD00087,PROD0024,2,683.28,0.0,1366.56
SALE00205,ORD00087,PROD0002,6,746.98,0.15,3809.6
SALE00206,ORD00087,PROD0019,2,538.55,0.15,915.53
SALE00207,ORD00088,PROD0030,5,984.64,0.0,4923.2
SALE00208,ORD00088,PROD0031,2,540.82,0.15,919.39
SALE00209,ORD00088,PROD0022,5,1602.87,0.0,8014.35
SALE00210,ORD00088,PROD0012,3,965.33,0.0,2895.99
SALE00211,ORD00089,PROD0005,5,686.66,0.0,3433.3
SALE00212,ORD00089,PROD0024,6,683.28,0.0,4099.68
SALE00213,ORD00089,PROD0009,6,1602.75,0.0,9616.5
SALE00214,ORD00089,PROD0026,2,895.09,0.0,1790.18
SALE00215,ORD00090,PROD0024,3,683.28,0.05,1947.35
SALE00216,ORD00090,PROD0028,3,1307.92,0.0,3923.76
SALE00217,ORD00091,PROD0019,1,538.55,0.05,511.62
SALE00218,ORD00091,PROD0010,1,521.27,0.15,443.08
SALE00219,ORD00091,PROD0015,5,1428.18,0.1,6426.81
SALE00220,ORD00092,PROD0016,2,935.43,0.1,1683.77
SALE00221,ORD00093,PROD0028,6,1307.92,0.05,7455.14
SALE00222,ORD00094,PROD0014,2,158.83,0.0,317.66
SALE00223,ORD00094,PROD0002,2,746.98,0.0,1493.96
SALE00224,ORD00094,PROD0028,4,1307.92,0.1,4708.51
SALE00225,ORD00095,PROD0005,2,686.66,0.0,1373.32
SALE00226,ORD00095,PROD0011,4,169.74,0.0,678.96
SALE00227,ORD00095,PROD0028,6,1307.92,0.0,7847.52
SALE00228,ORD00095,PROD0023,3,1000.54,0.15,2551.38
SALE00229,ORD00096,PROD0001,4,1466.86,0.0,5867.44
SALE00230,ORD00097,PROD0025,5,587.47,0.0,2937.35
SALE00231,ORD00097,PROD0006,4,1338.44,0.0,5353.76
SALE00232,ORD00098,PROD0020,6,1082.31,0.05,6169.17
SALE00233,ORD00098,PROD0014,4,158.83,0.05,603.55
SALE00234,ORD00099,PROD0013,2,1307.82,0.15,2223.29
SALE00235,ORD00099,PROD0001,3,1466.86,0.0,4400.58
SALE00236,ORD00099,PROD0002,3,746.98,0.1,2016.85
SALE00237,ORD00099,PROD0018,2,678.68,0.0,1357.36
SALE00238,ORD00100,PROD0021,6,1362.12,0.0,8172.72
SALE00239,ORD00101,PROD0023,3,1000.54,0.0,3001.62
SALE00240,ORD00101,PROD0029,2,223.02,0.0,446.04
SALE00241,ORD00102,PROD0017,1,562.14,0.0,562.14
SALE00242,ORD00102,PROD0019,3,538.55,0.0,1615.65
SALE00243,ORD00102,PROD0010,4,521.27,0.15,1772.32
SALE00244,ORD00102,PROD0006,5,1338.44,0.1,6022.98
SALE00245,ORD00103,PROD0014,2,158.83,0.0,317.66
SALE00246,ORD00103,PROD0029,4,223.02,0.0,892.08
SALE00247,ORD00103,PROD0022,2,1602.87,0.0,3205.74
SALE00248,ORD00104,PROD0001,2,1466.86,0.15,2493.66
SALE00249,ORD00104,PROD0008,1,339.36,0.1,305.42
SALE00250,ORD00104,PROD0024,5,683.28,0.0,3416.4
SALE00251,ORD00104,PROD0005,1,686.66,0.0,686.66
SALE00252,ORD00105,PROD0013,6,1307.82,0.0,7846.92
SALE00253,ORD00106,PROD0020,1,1082.31,0.15,919.96
SALE00254,ORD00107,PROD0021,1,1362.12,0.0,1362.12
SALE00255,ORD00108,PROD0014,4,158.83,0.05,603.55
SALE00256,ORD00109,PROD0018,3,678.68,0.05,1934.24
SALE00257,ORD00110,PROD0007,6,821.1,0.15,4187.61
SALE00258,ORD00110,PROD0023,1,1000.54,0.0,1000.54
SALE00259,ORD00111,PROD0022,5,1602.87,0.1,7212.92
SALE00260,ORD00111,PROD0004,6,236.83,0.0,1420.98
SALE00261,ORD00111,PROD0017,4,562.14,0.0,2248.56
SALE00262,ORD00111,PROD0009,5,1602.75,0.15,6811.69
SALE00263,ORD00112,PROD0010,1,521.27,0.0,521.27
SALE00264,ORD00113,PROD0007,5,821.1,0.0,4105.5
SALE00265,ORD00113,PROD0020,3,1082.31,0.15,2759.89
SALE00266,ORD00113,PROD0025,4,587.47,0.0,2349.88
SALE00267,ORD00113,PROD0009,2,1602.75,0.0,3205.5
SALE00268,ORD00114,PROD0030,3,984.64,0.0,2953.92
SALE00269,ORD00114,PROD0007,1,821.1,0.0,821.1
SALE00270,ORD00114,PROD0023,6,1000.54,0.0,6003.24
SALE00271,ORD00114,PROD0016,1,935.43,0.1,841.89
SALE00272,ORD00115,PROD0005,5,686.66,0.0,3433.3
SALE00273,ORD00115,PROD0031,6,540.82,0.15,2758.18
SALE00274,ORD00115,PROD0003,1,1220.01,0.0,1220.01
SALE00275,ORD00115,PROD0025,6,587.47,0.0,3524.82
SALE00276,ORD00116,PROD0010,1,521.27,0.0,521.27
SALE00277,ORD00116,PROD0009,1,1602.75,0.0,1602.75
SALE00278,ORD00116,PROD0015,3,1428.18,0.15,3641.86
SALE00279,ORD00116,PROD0002,3,746.98,0.05,2128.89
SALE00280,ORD00117,PROD0004,1,236.83,0.0,236.83
SALE00281,ORD00118,PROD0022,2,1602.87,0.0,3205.74
SALE00282,ORD00118,PROD0021,3,1362.12,0.05,3882.04
SALE00283,ORD00119,PROD0029,3,223.02,0.0,669.06
SALE00284,ORD00119,PROD0024,2,683.28,0.0,1366.56
SALE00285,ORD00119,PROD0003,4,1220.01,0.05,4636.04
SALE00286,ORD00120,PROD0009,4,1602.75,0.05,6090.45
SALE00287,ORD00120,PROD0027,6,1058.72,0.0,6352.32
SALE00288,ORD00120,PROD0013,1,1307.82,0.0,1307.82
SALE00289,ORD00120,PROD0023,6,1000.54,0.15,5102.75
SALE00290,ORD00121,PROD0031,2,540.82,0.0,1081.64
SALE00291,ORD00122,PROD0030,5,984.64,0.15,4184.72
SALE00292,ORD00122,PROD0019,4,538.55,0.0,2154.2
SALE00293,ORD00122,PROD0016,5,935.43,0.05,4443.29
SALE00294,ORD00122,PROD0026,3,895.09,0.1,2416.74
SALE00295,ORD00123,PROD0028,6,1307.92,0.15,6670.39
SALE00296,ORD00124,PROD0016,4,935.43,0.0,3741.72
SALE00297,ORD00124,PROD0030,4,984.64,0.05,3741.63
SALE00298,ORD00125,PROD0003,3,1220.01,0.15,3111.03
SALE00299,ORD00126,PROD0001,6,1466.86,0.1,7921.04
SALE00300,ORD00126,PROD0023,6,1000.54,0.1,5402.92
SALE00301,ORD00126,PROD0028,6,1307.92,0.1,7062.77
SALE00302,ORD00127,PROD0031,3,540.82,0.1,1460.21
SALE00303,ORD00127,PROD0022,5,1602.87,0.15,6812.2
SALE00304,ORD00128,PROD0014,6,158.83,0.15,810.03
SALE00305,ORD00129,PROD0016,6,935.43,0.15,4770.69
SALE00306,ORD00129,PROD0012,6,965.33,0.05,5502.38
SALE00307,ORD00130,PROD0027,5,1058.72,0.0,5293.6
SALE00308,ORD00130,PROD0018,1,678.68,0.15,576.88
SALE00309,ORD00131,PROD0017,4,562.14,0.05,2136.13
SALE00310,ORD00131,PROD0028,2,1307.92,0.0,2615.84
SALE00311,ORD00132,PROD0011,5,169.74,0.0,848.7
SALE00312,ORD00132,PROD0008,5,339.36,0.15,1442.28
SALE00313,ORD00132,PROD0009,4,1602.75,0.05,6090.45
SALE00314,ORD00132,PROD0002,2,746.98,0.0,1493.96
SALE00315,ORD00133,PROD0015,4,1428.18,0.05,5427.08
SALE00316,ORD00133,PROD0026,3,895.09,0.0,2685.27
SALE00317,ORD00133,PROD0019,4,538.55,0.15,1831.07
SALE00318,ORD00133,PROD0003,6,1220.01,0.0,7320.06
SALE00319,ORD00134,PROD0013,4,1307.82,0.0,5231.28
SALE00320,ORD00135,PROD0027,1,1058.72,0.1,952.85
SALE00321,ORD00136,PROD0029,2,223.02,0.15,379.13
SALE00322,ORD00136,PROD0017,6,562.14,0.05,3204.2
SALE00323,ORD00136,PROD0018,3,678.68,0.0,2036.04
SALE00324,ORD00137,PROD0027,2,1058.72,0.05,2011.57
SALE00325,ORD00138,PROD0018,5,678.68,0.05,3223.73
SALE00326,ORD00138,PROD0025,6,587.47,0.15,2996.1
SALE00327,ORD00138,PROD0020,3,1082.31,0.15,2759.89
SALE00328,ORD00139,PROD0004,1,236.83,0.0,236.83
SALE00329,ORD00139,PROD0025,3,587.47,0.15,1498.05
SALE00330,ORD00139,PROD0022,3,1602.87,0.1,4327.75
SALE00331,ORD00139,PROD0008,5,339.36,0.0,1696.8
SALE00332,ORD00140,PROD0002,2,746.98,0.05,1419.26
SALE00333,ORD00141,PROD0027,6,1058.72,0.15,5399.47
SALE00334,ORD00141,PROD0023,4,1000.54,0.0,4002.16
SALE00335,ORD00142,PROD0020,4,1082.31,0.0,4329.24
SALE00336,ORD00142,PROD0007,4,821.1,0.0,3284.4
SALE00337,ORD00142,PROD0004,6,236.83,0.0,1420.98
SALE00338,ORD00143,PROD0025,4,587.47,0.0,2349.88
SALE00339,ORD00144,PROD0025,4,587.47,0.05,2232.39
SALE00340,ORD00145,PROD0031,1,540.82,0.1,486.74
SALE00341,ORD00145,PROD0016,6,935.43,0.0,5612.58
SALE00342,ORD00146,PROD0027,5,1058.72,0.0,5293.6
SALE00343,ORD00146,PROD0019,6,538.55,0.1,2908.17
SALE00344,ORD00146,PROD0016,2,935.43,0.15,1590.23
SALE00345,ORD00146,PROD0030,2,984.64,0.0,1969.28
SALE00346,ORD00147,PROD0022,5,1602.87,0.05,7613.63
SALE00347,ORD00147,PROD0020,4,1082.31,0.1,3896.32
SALE00348,ORD00147,PROD0029,6,223.02,0.0,1338.12
SALE00349,ORD00147,PROD0011,3,169.74,0.05,483.76
SALE00350,ORD00148,PROD0010,2,521.27,0.0,1042.54
SALE00351,ORD00148,PROD0015,4,1428.18,0.1,5141.45
SALE00352,ORD00148,PROD0026,6,895.09,0.15,4564.96
SALE00353,ORD00149,PROD0027,3,1058.72,0.15,2699.74
SALE00354,ORD00149,PROD0023,6,1000.54,0.1,5402.92
SALE00355,ORD00149,PROD0018,6,678.68,0.0,4072.08
SALE00356,ORD00150,PROD0007,6,821.1,0.0,4926.6
SALE00357,ORD00150,PROD0020,6,1082.31,0.0,6493.86
SALE00358,ORD00151,PROD0023,2,1000.54,0.1,1800.97
SALE00359,ORD00151,PROD0021,5,1362.12,0.15,5789.01
SALE00360,ORD00152,PROD0023,3,1000.54,0.1,2701.46
SALE00361,ORD00152,PROD0004,4,236.83,0.1,852.59
SALE00362,ORD00152,PROD0025,5,587.47,0.15,2496.75
SALE00363,ORD00153,PROD0022,5,1602.87,0.0,8014.35
SALE00364,ORD00153,PROD0024,4,683.28,0.0,2733.12
SALE00365,ORD00153,PROD0029,5,223.02,0.0,1115.1
SALE00366,ORD00153,PROD0027,1,1058.72,0.05,1005.78
SALE00367,ORD00154,PROD0002,1,746.98,0.0,746.98
SALE00368,ORD00154,PROD0022,3,1602.87,0.0,4808.61
SALE00369,ORD00155,PROD0022,1,1602.87,0.15,1362.44
SALE00370,ORD00155,PROD0009,3,1602.75,0.0,4808.25
SALE00371,ORD00155,PROD0005,5,686.66,0.0,3433.3
SALE00372,ORD00156,PROD0027,5,1058.72,0.15,4499.56
SALE00373,ORD00156,PROD0015,6,1428.18,0.1,7712.17
SALE00374,ORD00156,PROD0004,2,236.83,0.15,402.61
SALE00375,ORD00157,PROD0008,3,339.36,0.15,865.37
SALE00376,ORD00157,PROD0017,6,562.14,0.0,3372.84
SALE00377,ORD00157,PROD0026,4,895.09,0.05,3401.34
SALE00378,ORD00157,PROD0023,4,1000.54,0.15,3401.84
SALE00379,ORD00158,PROD0031,1,540.82,0.15,459.7
SALE00380,ORD00158,PROD0018,3,678.68,0.0,2036.04
SALE00381,ORD00158,PROD0002,5,746.98,0.05,3548.16
SALE00382,ORD00159,PROD0030,6,984.64,0.15,5021.66
SALE00383,ORD00159,PROD0021,6,1362.12,0.0,8172.72
SALE00384,ORD00160,PROD0025,2,587.47,0.0,1174.94
SALE00385,ORD00160,PROD0024,4,683.28,0.0,2733.12
SALE00386,ORD00161,PROD0006,2,1338.44,0.15,2275.35
SALE00387,ORD00162,PROD0013,1,1307.82,0.05,1242.43
SALE00388,ORD00163,PROD0018,2,678.68,0.1,1221.62
SALE00389,ORD00163,PROD0009,3,1602.75,0.0,4808.25
SALE00390,ORD00163,PROD0005,3,686.66,0.05,1956.98
SALE00391,ORD00164,PROD0002,3,746.98,0.1,2016.85
SALE00392,ORD00164,PROD0005,1,686.66,0.15,583.66
SALE00393,ORD00165,PROD0016,5,935.43,0.0,4677.15
SALE00394,ORD00165,PROD0026,1,895.09,0.15,760.83
SALE00395,ORD00165,PROD0019,3,538.55,0.1,1454.08
SALE00396,ORD00166,PROD0031,5,540.82,0.0,2704.1
SALE00397,ORD00166,PROD0006,5,1338.44,0.0,6692.2
SALE00398,ORD00167,PROD0018,2,678.68,0.0,1357.36
SALE00399,ORD00167,PROD0013,6,1307.82,0.0,7846.92
SALE00400,ORD00167,PROD0003,3,1220.01,0.0,3660.03
SALE00401,ORD00167,PROD0012,3,965.33,0.0,2895.99
SALE00402,ORD00168,PROD0018,1,678.68,0.0,678.68
SALE00403,ORD00168,PROD0027,6,1058.72,0.0,6352.32
SALE00404,ORD00168,PROD0025,4,587.47,0.0,2349.88
SALE00405,ORD00168,PROD0021,6,1362.12,0.1,7355.45
SALE00406,ORD00169,PROD0031,6,540.82,0.0,3244.92
SALE00407,ORD00169,PROD0002,4,746.98,0.0,2987.92
SALE00408,ORD00170,PROD0009,1,1602.75,0.1,1442.48
SALE00409,ORD00170,PROD0018,3,678.68,0.1,1832.44
SALE00410,ORD00170,PROD0024,5,683.28,0.05,3245.58
SALE00411,ORD00170,PROD0010,4,521.27,0.0,2085.08
SALE00412,ORD00171,PROD0029,3,223.02,0.1,602.15
SALE00413,ORD00171,PROD0021,1,1362.12,0.0,1362.12
SALE00414,ORD00171,PROD0007,2,821.1,0.1,1477.98
SALE00415,ORD00172,PROD0021,1,1362.12,0.0,1362.12
SALE00416,ORD00173,PROD0028,4,1307.92,0.0,5231.68
SALE00417,ORD00173,PROD0022,2,1602.87,0.1,2885.17
SALE00418,ORD00174,PROD0021,6,1362.12,0.15,6946.81
SALE00419,ORD00174,PROD0027,2,1058.72,0.0,2117.44
SALE00420,ORD00174,PROD0031,4,540.82,0.15,1838.79
SALE00421,ORD00174,PROD0003,3,1220.01,0.0,3660.03
SALE00422,ORD00175,PROD0003,1,1220.01,0.0,1220.01
SALE00423,ORD00176,PROD0018,2,678.68,0.0,1357.36
SALE00424,ORD00176,PROD0003,4,1220.01,0.05,4636.04
SALE00425,ORD00176,PROD0019,4,538.55,0.15,1831.07
SALE00426,ORD00177,PROD0014,6,158.83,0.0,952.98
SALE00427,ORD00177,PROD0011,5,169.74,0.0,848.7
SALE00428,ORD00177,PROD0001,6,1466.86,0.15,7480.99
SALE00429,ORD00177,PROD0013,5,1307.82,0.0,6539.1
SALE00430,ORD00178,PROD0023,1,1000.54,0.0,1000.54
SALE00431,ORD00179,PROD0010,6,521.27,0.0,3127.62
SALE00432,ORD00180,PROD0010,4,521.27,0.05,1980.83
SALE00433,ORD00181,PROD0027,2,1058.72,0.1,1905.7
SALE00434,ORD00181,PROD0022,2,1602.87,0.0,3205.74
SALE00435,ORD00181,PROD0001,6,1466.86,0.05,8361.1
SALE00436,ORD00181,PROD0016,5,935.43,0.0,4677.15
SALE00437,ORD00182,PROD0010,6,521.27,0.15,2658.48
SALE00438,ORD00182,PROD0022,3,1602.87,0.0,4808.61
SALE00439,ORD00183,PROD0004,1,236.83,0.1,213.15
SALE00440,ORD00183,PROD0002,5,746.98,0.05,3548.16
SALE00441,ORD00184,PROD0010,2,521.27,0.15,886.16
SALE00442,ORD00185,PROD0007,6,821.1,0.1,4433.94
SALE00443,ORD00185,PROD0014,2,158.83,0.0,317.66
SALE00444,ORD00185,PROD0029,2,223.02,0.0,446.04
SALE00445,ORD00186,PROD0007,6,821.1,0.1,4433.94
SALE00446,ORD00186,PROD0004,1,236.83,0.1,213.15
SALE00447,ORD00186,PROD0006,4,1338.44,0.15,4550.7
SALE00448,ORD00187,PROD0010,6,521.27,0.0,3127.62
SALE00449,ORD00188,PROD0004,5,236.83,0.05,1124.94
SALE00450,ORD00188,PROD0007,3,821.1,0.0,2463.3
SALE00451,ORD00188,PROD0024,2,683.28,0.15,1161.58
SALE00452,ORD00189,PROD0004,5,236.83,0.0,1184.15
SALE00453,ORD00189,PROD0010,2,521.27,0.0,1042.54
SALE00454,ORD00190,PROD0015,3,1428.18,0.15,3641.86
SALE00455,ORD00190,PROD0011,5,169.74,0.0,848.7
SALE00456,ORD00190,PROD0020,5,1082.31,0.1,4870.39
SALE00457,ORD00190,PROD0022,3,1602.87,0.0,4808.61
SALE00458,ORD00191,PROD0006,2,1338.44,0.15,2275.35
SALE00459,ORD00191,PROD0001,6,1466.86,0.15,7480.99
SALE00460,ORD00191,PROD0011,4,169.74,0.0,678.96
SALE00461,ORD00191,PROD0008,3,339.36,0.0,1018.08
SALE00462,ORD00192,PROD0029,4,223.02,0.0,892.08
SALE00463,ORD00192,PROD0016,3,935.43,0.05,2665.98
SALE00464,ORD00192,PROD0015,5,1428.18,0.0,7140.9
SALE00465,ORD00193,PROD0021,1,1362.12,0.0,1362.12
SALE00466,ORD00193,PROD0020,2,1082.31,0.1,1948.16
SALE00467,ORD00194,PROD0009,6,1602.75,0.0,9616.5
SALE00468,ORD00194,PROD0024,6,683.28,0.0,4099.68
SALE00469,ORD00195,PROD0028,5,1307.92,0.15,5558.66
SALE00470,ORD00196,PROD0027,5,1058.72,0.1,4764.24
SALE00471,ORD00197,PROD0025,1,587.47,0.1,528.72
SALE00472,ORD00197,PROD0019,3,538.55,0.1,1454.08
SALE00473,ORD00197,PROD0007,5,821.1,0.05,3900.22
SALE00474,ORD00197,PROD0030,6,984.64,0.0,5907.84
SALE00475,ORD00198,PROD0013,5,1307.82,0.15,5558.24
SALE00476,ORD00198,PROD0008,3,339.36,0.0,1018.08
SALE00477,ORD00198,PROD0029,4,223.02,0.1,802.87
SALE00478,ORD00199,PROD0013,3,1307.82,0.1,3531.11
SALE00479,ORD00200,PROD0022,2,1602.87,0.1,2885.17
SALE00480,ORD00201,PROD0025,2,587.47,0.05,1116.19
SALE00481,ORD00201,PROD0017,2,562.14,0.0,1124.28
SALE00482,ORD00202,PROD0024,3,683.28,0.0,2049.84
SALE00483,ORD00202,PROD0016,2,935.43,0.05,1777.32
SALE00484,ORD00203,PROD0003,3,1220.01,0.0,3660.03
SALE00485,ORD00203,PROD0009,1,1602.75,0.15,1362.34
SALE00486,ORD00204,PROD0017,3,562.14,0.05,1602.1
SALE00487,ORD00204,PROD0030,4,984.64,0.05,3741.63
SALE00488,ORD00205,PROD0002,6,746.98,0.0,4481.88
SALE00489,ORD00206,PROD0023,5,1000.54,0.15,4252.3
SALE00490,ORD00207,PROD0027,5,1058.72,0.1,4764.24
SALE00491,ORD00207,PROD0024,5,683.28,0.0,3416.4
SALE00492,ORD00207,PROD0009,4,1602.75,0.15,5449.35
SALE00493,ORD00208,PROD0012,1,965.33,0.1,868.8
SALE00494,ORD00208,PROD0019,3,538.55,0.05,1534.87
SALE00495,ORD00208,PROD0021,2,1362.12,0.1,2451.82
SALE00496,ORD00208,PROD0029,4,223.02,0.0,892.08
SALE00497,ORD00209,PROD0016,5,935.43,0.0,4677.15
SALE00498,ORD00209,PROD0026,5,895.09,0.0,4475.45
SALE00499,ORD00209,PROD0029,4,223.02,0.0,892.08
SALE00500,ORD00210,PROD0003,6,1220.01,0.0,7320.06
SALE00501,ORD00210,PROD0017,2,562.14,0.0,1124.28
SALE00502,ORD00211,PROD0006,5,1338.44,0.15,5688.37
SALE00503,ORD00211,PROD0012,1,965.33,0.15,820.53
SALE00504,ORD00212,PROD0014,3,158.83,0.15,405.02
SALE00505,ORD00212,PROD0026,1,895.09,0.05,850.34
SALE00506,ORD00213,PROD0016,6,935.43,0.05,5331.95
SALE00507,ORD00213,PROD0007,1,821.1,0.0,821.1
SALE00508,ORD00213,PROD0019,1,538.55,0.0,538.55
SALE00509,ORD00213,PROD0006,5,1338.44,0.1,6022.98
SALE00510,ORD00214,PROD0005,5,686.66,0.0,3433.3
SALE00511,ORD00214,PROD0021,5,1362.12,0.0,6810.6
SALE00512,ORD00215,PROD0006,3,1338.44,0.0,4015.32
SALE00513,ORD00216,PROD0020,6,1082.31,0.15,5519.78
SALE00514,ORD00216,PROD0019,6,538.55,0.0,3231.3
SALE00515,ORD00216,PROD0021,1,1362.12,0.0,1362.12
SALE00516,ORD00216,PROD0001,4,1466.86,0.1,5280.7
SALE00517,ORD00217,PROD0028,4,1307.92,0.1,4708.51
SALE00518,ORD00217,PROD0016,2,935.43,0.1,1683.77
SALE00519,ORD00217,PROD0006,2,1338.44,0.1,2409.19
SALE00520,ORD00217,PROD0008,6,339.36,0.1,1832.54
SALE00521,ORD00218,PROD0006,3,1338.44,0.05,3814.55
SALE00522,ORD00218,PROD0024,5,683.28,0.1,3074.76
SALE00523,ORD00218,PROD0022,1,1602.87,0.0,1602.87
SALE00524,ORD00219,PROD0013,2,1307.82,0.1,2354.08
SALE00525,ORD00219,PROD0005,5,686.66,0.15,2918.3
SALE00526,ORD00219,PROD0004,4,236.83,0.0,947.32
SALE00527,ORD00219,PROD0001,5,1466.86,0.0,7334.3
SALE00528,ORD00220,PROD0016,5,935.43,0.1,4209.43
SALE00529,ORD00220,PROD0029,1,223.02,0.1,200.72
SALE00530,ORD00221,PROD0003,4,1220.01,0.15,4148.03
SALE00531,ORD00222,PROD0029,5,223.02,0.0,1115.1
SALE00532,ORD00222,PROD0020,6,1082.31,0.15,5519.78
SALE00533,ORD00223,PROD0017,1,562.14,0.15,477.82
SALE00534,ORD00223,PROD0014,5,158.83,0.05,754.44
SALE00535,ORD00223,PROD0012,2,965.33,0.05,1834.13
SALE00536,ORD00223,PROD0028,4,1307.92,0.0,5231.68
SALE00537,ORD00224,PROD0014,2,158.83,0.0,317.66
SALE00538,ORD00225,PROD0025,1,587.47,0.0,587.47
SALE00539,ORD00225,PROD0008,5,339.36,0.1,1527.12
SALE00540,ORD00225,PROD0030,4,984.64,0.0,3938.56
SALE00541,ORD00225,PROD0028,2,1307.92,0.0,2615.84
SALE00542,ORD00226,PROD0019,5,538.55,0.0,2692.75
SALE00543,ORD00227,PROD0013,6,1307.82,0.0,7846.92
SALE00544,ORD00228,PROD0014,2,158.83,0.05,301.78
SALE00545,ORD00228,PROD0012,6,965.33,0.1,5212.78
SALE00546,ORD00228,PROD0004,3,236.83,0.0,710.49
SALE00547,ORD00229,PROD0019,6,538.55,0.05,3069.73
SALE00548,ORD00229,PROD0012,2,965.33,0.05,1834.13
SALE00549,ORD00229,PROD0020,5,1082.31,0.1,4870.39
SALE00550,ORD00229,PROD0009,4,1602.75,0.0,6411.0
SALE00551,ORD00230,PROD0018,3,678.68,0.1,1832.44
SALE00552,ORD00230,PROD0016,3,935.43,0.15,2385.35
SALE00553,ORD00230,PROD0009,4,1602.75,0.15,5449.35
SALE00554,ORD00231,PROD0028,1,1307.92,0.15,1111.73
SALE00555,ORD00231,PROD0022,2,1602.87,0.05,3045.45
SALE00556,ORD00232,PROD0004,5,236.83,0.05,1124.94
SALE00557,ORD00232,PROD0007,3,821.1,0.1,2216.97
SALE00558,ORD00233,PROD0006,4,1338.44,0.15,4550.7
SALE00559,ORD00234,PROD0026,1,895.09,0.0,895.09
SALE00560,ORD00235,PROD0030,1,984.64,0.0,984.64
SALE00561,ORD00235,PROD0020,2,1082.31,0.0,2164.62
SALE00562,ORD00235,PROD0014,1,158.83,0.1,142.95
SALE00563,ORD00235,PROD0003,1,1220.01,0.15,1037.01
SALE00564,ORD00236,PROD0030,5,984.64,0.0,4923.2
SALE00565,ORD00236,PROD0013,6,1307.82,0.1,7062.23
SALE00566,ORD00236,PROD0020,1,1082.31,0.0,1082.31
SALE00567,ORD00236,PROD0021,6,1362.12,0.05,7764.08
SALE00568,ORD00237,PROD0001,5,1466.86,0.0,7334.3
SALE00569,ORD00237,PROD0007,2,821.1,0.0,1642.2
SALE00570,ORD00237,PROD0028,5,1307.92,0.1,5885.64
SALE00571,ORD00237,PROD0022,5,1602.87,0.15,6812.2
SALE00572,ORD00238,PROD0020,6,1082.31,0.0,6493.86
SALE00573,ORD00238,PROD0006,3,1338.44,0.0,4015.32
SALE00574,ORD00239,PROD0006,1,1338.44,0.0,1338.44
SALE00575,ORD00240,PROD0012,2,965.33,0.1,1737.59
SALE00576,ORD00240,PROD0022,1,1602.87,0.15,1362.44
SALE00577,ORD00240,PROD0013,6,1307.82,0.0,7846.92
SALE00578,ORD00240,PROD0019,1,538.55,0.1,484.7
SALE00579,ORD00241,PROD0024,5,683.28,0.0,3416.4
SALE00580,ORD00241,PROD0027,3,1058.72,0.0,3176.16
SALE00581,ORD00241,PROD0018,2,678.68,0.1,1221.62
SALE00582,ORD00242,PROD0015,4,1428.18,0.1,5141.45
SALE00583,ORD00242,PROD0030,1,984.64,0.0,984.64
SALE00584,ORD00243,PROD0014,1,158.83,0.1,142.95
SALE00585,ORD00243,PROD0017,1,562.14,0.1,505.93
SALE00586,ORD00244,PROD0011,5,169.74,0.0,848.7
SALE00587,ORD00244,PROD0031,5,540.82,0.1,2433.69
SALE00588,ORD00244,PROD0004,3,236.83,0.15,603.92
SALE00589,ORD00245,PROD0031,2,540.82,0.0,1081.64
SALE00590,ORD00245,PROD0013,4,1307.82,0.15,4446.59
SALE00591,ORD00245,PROD0019,4,538.55,0.1,1938.78
SALE00592,ORD00245,PROD0016,1,935.43,0.05,888.66
SALE00593,ORD00246,PROD0009,1,1602.75,0.05,1522.61
SALE00594,ORD00247,PROD0022,2,1602.87,0.0,3205.74
SALE00595,ORD00247,PROD0023,4,1000.54,0.0,4002.16
SALE00596,ORD00248,PROD0023,3,1000.54,0.0,3001.62
SALE00597,ORD00249,PROD0003,6,1220.01,0.0,7320.06
SALE00598,ORD00249,PROD0013,1,1307.82,0.1,1177.04
SALE00599,ORD00249,PROD0022,2,1602.87,0.05,3045.45
SALE00600,ORD00250,PROD0012,5,965.33,0.0,4826.65
SALE00601,ORD00250,PROD0007,2,821.1,0.15,1395.87
SALE00602,ORD00250,PROD0029,6,223.02,0.0,1338.12
SALE00603,ORD00251,PROD0024,3,683.28,0.0,2049.84
SALE00604,ORD00251,PROD0007,2,821.1,0.0,1642.2
SALE00605,ORD00251,PROD0008,2,339.36,0.1,610.85
SALE00606,ORD00251,PROD0028,3,1307.92,0.0,3923.76
SALE00607,ORD00252,PROD0004,1,236.83,0.15,201.31
SALE00608,ORD00253,PROD0020,5,1082.31,0.0,5411.55
SALE00609,ORD00253,PROD0001,4,1466.86,0.0,5867.44
SALE00610,ORD00253,PROD0025,5,587.47,0.0,2937.35
SALE00611,ORD00253,PROD0028,4,1307.92,0.1,4708.51
SALE00612,ORD00254,PROD0016,5,935.43,0.0,4677.15
SALE00613,ORD00254,PROD0006,4,1338.44,0.0,5353.76
SALE00614,ORD00254,PROD0025,5,587.47,0.0,2937.35
SALE00615,ORD00255,PROD0017,4,562.14,0.05,2136.13
SALE00616,ORD00256,PROD0017,3,562.14,0.05,1602.1
SALE00617,ORD00257,PROD0015,6,1428.18,0.1,7712.17
SALE00618,ORD00257,PROD0004,4,236.83,0.0,947.32
SALE00619,ORD00258,PROD0001,6,1466.86,0.0,8801.16
SALE00620,ORD00259,PROD0019,5,538.55,0.0,2692.75
SALE00621,ORD00259,PROD0004,2,236.83,0.1,426.29
SALE00622,ORD00259,PROD0011,3,169.74,0.0,509.22
SALE00623,ORD00259,PROD0012,3,965.33,0.05,2751.19
SALE00624,ORD00260,PROD0012,4,965.33,0.0,3861.32
SALE00625,ORD00260,PROD0006,4,1338.44,0.15,4550.7
SALE00626,ORD00260,PROD0016,3,935.43,0.0,2806.29
SALE00627,ORD00261,PROD0009,2,1602.75,0.1,2884.95
SALE00628,ORD00261,PROD0015,6,1428.18,0.0,8569.08
SALE00629,ORD00261,PROD0006,1,1338.44,0.15,1137.67
SALE00630,ORD00261,PROD0019,3,538.55,0.0,1615.65
SALE00631,ORD00262,PROD0028,6,1307.92,0.0,7847.52
SALE00632,ORD00262,PROD0013,4,1307.82,0.0,5231.28
SALE00633,ORD00262,PROD0007,2,821.1,0.05,1560.09
SALE00634,ORD00262,PROD0005,4,686.66,0.0,2746.64
SALE00635,ORD00263,PROD0026,3,895.09,0.1,2416.74
SALE00636,ORD00263,PROD0016,5,935.43,0.0,4677.15
SALE00637,ORD00263,PROD0010,4,521.27,0.0,2085.08
SALE00638,ORD00264,PROD0002,3,746.98,0.05,2128.89
SALE00639,ORD00264,PROD0007,6,821.1,0.0,4926.6
SALE00640,ORD00265,PROD0024,3,683.28,0.1,1844.86
SALE00641,ORD00265,PROD0011,5,169.74,0.0,848.7
SALE00642,ORD00265,PROD0009,3,1602.75,0.0,4808.25
SALE00643,ORD00265,PROD0012,4,965.33,0.0,3861.32
SALE00644,ORD00266,PROD0028,5,1307.92,0.0,6539.6
SALE00645,ORD00266,PROD0022,5,1602.87,0.1,7212.92
SALE00646,ORD00266,PROD0031,6,540.82,0.15,2758.18
SALE00647,ORD00267,PROD0025,3,587.47,0.0,1762.41
SALE00648,ORD00267,PROD0010,6,521.27,0.1,2814.86
SALE00649,ORD00268,PROD0025,1,587.47,0.05,558.1
SALE00650,ORD00268,PROD0024,5,683.28,0.0,3416.4
SALE00651,ORD00268,PROD0015,4,1428.18,0.15,4855.81
SALE00652,ORD00268,PROD0029,2,223.02,0.0,446.04
SALE00653,ORD00269,PROD0014,5,158.83,0.05,754.44
SALE00654,ORD00269,PROD0021,1,1362.12,0.0,1362.12
SALE00655,ORD00269,PROD0020,2,1082.31,0.0,2164.62
SALE00656,ORD00270,PROD0011,3,169.74,0.15,432.84
SALE00657,ORD00270,PROD0021,3,1362.12,0.1,3677.72
SALE00658,ORD00271,PROD0009,3,1602.75,0.15,4087.01
SALE00659,ORD00271,PROD0029,5,223.02,0.1,1003.59
SALE00660,ORD00271,PROD0015,4,1428.18,0.05,5427.08
SALE00661,ORD00271,PROD0025,2,587.47,0.0,1174.94
SALE00662,ORD00272,PROD0005,6,686.66,0.0,4119.96
SALE00663,ORD00273,PROD0031,6,540.82,0.0,3244.92
SALE00664,ORD00273,PROD0024,2,683.28,0.0,1366.56
SALE00665,ORD00273,PROD0023,4,1000.54,0.0,4002.16
SALE00666,ORD00274,PROD0003,4,1220.01,0.1,4392.04
SALE00667,ORD00275,PROD0001,4,1466.86,0.1,5280.7
SALE00668,ORD00276,PROD0004,3,236.83,0.1,639.44
SALE00669,ORD00277,PROD0003,4,1220.01,0.0,4880.04
SALE00670,ORD00277,PROD0021,2,1362.12,0.0,2724.24
SALE00671,ORD00278,PROD0015,2,1428.18,0.1,2570.72
SALE00672,ORD00278,PROD0021,2,1362.12,0.0,2724.24
SALE00673,ORD00278,PROD0005,1,686.66,0.15,583.66
SALE00674,ORD00279,PROD0028,4,1307.92,0.05,4970.1
SALE00675,ORD00279,PROD0030,5,984.64,0.0,4923.2
SALE00676,ORD00279,PROD0011,5,169.74,0.05,806.26
SALE00677,ORD00280,PROD0031,5,540.82,0.0,2704.1
SALE00678,ORD00280,PROD0023,5,1000.54,0.1,4502.43
SALE00679,ORD00281,PROD0021,4,1362.12,0.1,4903.63
SALE00680,ORD00281,PROD0024,6,683.28,0.15,3484.73
SALE00681,ORD00281,PROD0029,5,223.02,0.0,1115.1
SALE00682,ORD00281,PROD0019,3,538.55,0.05,1534.87
SALE00683,ORD00282,PROD0026,4,895.09,0.0,3580.36
SALE00684,ORD00282,PROD0003,3,1220.01,0.05,3477.03
SALE00685,ORD00283,PROD0005,1,686.66,0.1,617.99
SALE00686,ORD00283,PROD0010,2,521.27,0.0,1042.54
SALE00687,ORD00283,PROD0001,3,1466.86,0.05,4180.55
SALE00688,ORD00284,PROD0023,4,1000.54,0.05,3802.05
SALE00689,ORD00285,PROD0001,3,1466.86,0.1,3960.52
SALE00690,ORD00285,PROD0025,2,587.47,0.0,1174.94
SALE00691,ORD00285,PROD0014,5,158.83,0.0,794.15
SALE00692,ORD00286,PROD0014,5,158.83,0.05,754.44
SALE00693,ORD00286,PROD0029,4,223.02,0.0,892.08
SALE00694,ORD00287,PROD0023,6,1000.54,0.05,5703.08
SALE00695,ORD00287,PROD0024,4,683.28,0.0,2733.12
SALE00696,ORD00288,PROD0003,2,1220.01,0.1,2196.02
SALE00697,ORD00288,PROD0014,5,158.83,0.15,675.03
SALE00698,ORD00288,PROD0021,6,1362.12,0.0,8172.72
SALE00699,ORD00289,PROD0021,3,1362.12,0.05,3882.04
SALE00700,ORD00289,PROD0024,2,683.28,0.0,1366.56
SALE00701,ORD00289,PROD0018,2,678.68,0.0,1357.36
SALE00702,ORD00290,PROD0004,5,236.83,0.05,1124.94
SALE00703,ORD00290,PROD0021,3,1362.12,0.15,3473.41
SALE00704,ORD00290,PROD0015,5,1428.18,0.05,6783.86
SALE00705,ORD00291,PROD0011,2,169.74,0.0,339.48
SALE00706,ORD00291,PROD0001,5,1466.86,0.0,7334.3
SALE00707,ORD00292,PROD0004,3,236.83,0.0,710.49
SALE00708,ORD00292,PROD0010,6,521.27,0.05,2971.24
SALE00709,ORD00293,PROD0008,1,339.36,0.0,339.36
SALE00710,ORD00294,PROD0016,2,935.43,0.0,1870.86
SALE00711,ORD00295,PROD0010,4,521.27,0.15,1772.32
SALE00712,ORD00295,PROD0026,1,895.09,0.0,895.09
SALE00713,ORD00295,PROD0016,1,935.43,0.0,935.43
SALE00714,ORD00295,PROD0012,1,965.33,0.0,965.33
SALE00715,ORD00296,PROD0003,2,1220.01,0.0,2440.02
SALE00716,ORD00296,PROD0018,4,678.68,0.0,2714.72
SALE00717,ORD00296,PROD0016,1,935.43,0.15,795.12
SALE00718,ORD00296,PROD0006,2,1338.44,0.05,2543.04
SALE00719,ORD00297,PROD0008,4,339.36,0.15,1153.82
SALE00720,ORD00297,PROD0024,1,683.28,0.1,614.95
SALE00721,ORD00297,PROD0002,6,746.98,0.0,4481.88
SALE00722,ORD00297,PROD0007,4,821.1,0.05,3120.18
SALE00723,ORD00298,PROD0030,6,984.64,0.15,5021.66
SALE00724,ORD00298,PROD0011,1,169.74,0.15,144.28
SALE00725,ORD00298,PROD0006,5,1338.44,0.1,6022.98
SALE00726,ORD00299,PROD0009,4,1602.75,0.15,5449.35
SALE00727,ORD00300,PROD0007,1,821.1,0.15,697.94
SALE00728,ORD00300,PROD0012,2,965.33,0.0,1930.66
SALE00729,ORD00300,PROD0029,2,223.02,0.15,379.13
SALE00730,ORD00301,PROD0011,3,169.74,0.1,458.3
SALE00731,ORD00301,PROD0001,1,1466.86,0.05,1393.52
SALE00732,ORD00301,PROD0006,2,1338.44,0.0,2676.88
SALE00733,ORD00301,PROD0026,1,895.09,0.1,805.58
SALE00734,ORD00302,PROD0023,1,1000.54,0.0,1000.54
SALE00735,ORD00302,PROD0020,2,1082.31,0.05,2056.39
SALE00736,ORD00302,PROD0005,1,686.66,0.15,583.66
SALE00737,ORD00302,PROD0012,5,965.33,0.0,4826.65
SALE00738,ORD00303,PROD0002,3,746.98,0.15,1904.8
SALE00739,ORD00304,PROD0023,1,1000.54,0.0,1000.54
SALE00740,ORD00304,PROD0018,4,678.68,0.0,2714.72
SALE00741,ORD00305,PROD0018,3,678.68,0.05,1934.24
SALE00742,ORD00305,PROD0026,6,895.09,0.0,5370.54
SALE00743,ORD00305,PROD0021,1,1362.12,0.15,1157.8
SALE00744,ORD00306,PROD0012,1,965.33,0.05,917.06
SALE00745,ORD00306,PROD0024,6,683.28,0.05,3894.7
SALE00746,ORD00306,PROD0005,5,686.66,0.0,3433.3
SALE00747,ORD00306,PROD0009,5,1602.75,0.15,6811.69
SALE00748,ORD00307,PROD0007,3,821.1,0.0,2463.3
SALE00749,ORD00307,PROD0019,6,538.55,0.05,3069.73
SALE00750,ORD00307,PROD0006,3,1338.44,0.1,3613.79
SALE00751,ORD00307,PROD0018,5,678.68,0.0,3393.4
SALE00752,ORD00308,PROD0017,2,562.14,0.05,1068.07
SALE00753,ORD00309,PROD0027,3,1058.72,0.05,3017.35
SALE00754,ORD00309,PROD0009,1,1602.75,0.15,1362.34
SALE00755,ORD00309,PROD0018,5,678.68,0.05,3223.73
SALE00756,ORD00310,PROD0029,5,223.02,0.0,1115.1
SALE00757,ORD00310,PROD0001,5,1466.86,0.0,7334.3
SALE00758,ORD00311,PROD0024,5,683.28,0.05,3245.58
SALE00759,ORD00311,PROD0003,2,1220.01,0.1,2196.02
SALE00760,ORD00311,PROD0022,6,1602.87,0.05,9136.36
SALE00761,ORD00312,PROD0020,3,1082.31,0.05,3084.58
SALE00762,ORD00312,PROD0010,6,521.27,0.0,3127.62
SALE00763,ORD00313,PROD0004,5,236.83,0.15,1006.53
SALE00764,ORD00314,PROD0002,2,746.98,0.0,1493.96
SALE00765,ORD00315,PROD0007,1,821.1,0.05,780.04
SALE00766,ORD00316,PROD0004,5,236.83,0.15,1006.53
SALE00767,ORD00316,PROD0002,4,746.98,0.15,2539.73
SALE00768,ORD00317,PROD0017,3,562.14,0.0,1686.42
SALE00769,ORD00317,PROD0020,3,1082.31,0.0,3246.93
SALE00770,ORD00317,PROD0023,5,1000.54,0.15,4252.3
SALE00771,ORD00317,PROD0019,1,538.55,0.0,538.55
SALE00772,ORD00318,PROD0021,1,1362.12,0.05,1294.01
SALE00773,ORD00318,PROD0016,6,935.43,0.0,5612.58
SALE00774,ORD00319,PROD0018,4,678.68,0.0,2714.72
SALE00775,ORD00319,PROD0024,6,683.28,0.0,4099.68
SALE00776,ORD00319,PROD0031,5,540.82,0.0,2704.1
SALE00777,ORD00320,PROD0024,1,683.28,0.0,683.28
SALE00778,ORD00321,PROD0031,2,540.82,0.1,973.48
SALE00779,ORD00322,PROD0004,6,236.83,0.0,1420.98
SALE00780,ORD00323,PROD0007,5,821.1,0.15,3489.68
SALE00781,ORD00323,PROD0017,2,562.14,0.1,1011.85
SALE00782,ORD00323,PROD0022,6,1602.87,0.1,8655.5
SALE00783,ORD00323,PROD0008,4,339.36,0.15,1153.82
SALE00784,ORD00324,PROD0025,6,587.47,0.1,3172.34
SALE00785,ORD00325,PROD0022,6,1602.87,0.05,9136.36
SALE00786,ORD00325,PROD0015,1,1428.18,0.0,1428.18
SALE00787,ORD00325,PROD0023,2,1000.54,0.1,1800.97
SALE00788,ORD00326,PROD0017,5,562.14,0.1,2529.63
SALE00789,ORD00326,PROD0011,4,169.74,0.0,678.96
SALE00790,ORD00326,PROD0022,3,1602.87,0.1,4327.75
SALE00791,ORD00326,PROD0006,3,1338.44,0.0,4015.32
SALE00792,ORD00327,PROD0025,6,587.47,0.0,3524.82
SALE00793,ORD00327,PROD0021,5,1362.12,0.0,6810.6
SALE00794,ORD00327,PROD0014,5,158.83,0.1,714.74
SALE00795,ORD00327,PROD0027,2,1058.72,0.05,2011.57
SALE00796,ORD00328,PROD0012,4,965.33,0.05,3668.25
SALE00797,ORD00328,PROD0031,1,540.82,0.15,459.7
SALE00798,ORD00328,PROD0015,1,1428.18,0.0,1428.18
SALE00799,ORD00329,PROD0017,2,562.14,0.0,1124.28
SALE00800,ORD00330,PROD0010,2,521.27,0.0,1042.54
SALE00801,ORD00331,PROD0001,6,1466.86,0.0,8801.16
SALE00802,ORD00331,PROD0025,5,587.47,0.1,2643.62
SALE00803,ORD00331,PROD0027,5,1058.72,0.1,4764.24
SALE00804,ORD00332,PROD0004,4,236.83,0.0,947.32
SALE00805,ORD00332,PROD0002,2,746.98,0.0,1493.96
SALE00806,ORD00333,PROD0012,2,965.33,0.0,1930.66
SALE00807,ORD00333,PROD0029,3,223.02,0.0,669.06
SALE00808,ORD00333,PROD0019,1,538.55,0.1,484.7
SALE00809,ORD00334,PROD0019,1,538.55,0.15,457.77
SALE00810,ORD00334,PROD0030,3,984.64,0.05,2806.22
SALE00811,ORD00334,PROD0007,2,821.1,0.05,1560.09
SALE00812,ORD00334,PROD0024,6,683.28,0.15,3484.73
SALE00813,ORD00335,PROD0020,6,1082.31,0.0,6493.86
SALE00814,ORD00336,PROD0024,5,683.28,0.05,3245.58
SALE00815,ORD00337,PROD0025,1,587.47,0.0,587.47
SALE00816,ORD00338,PROD0029,4,223.02,0.0,892.08
SALE00817,ORD00338,PROD0027,2,1058.72,0.15,1799.82
SALE00818,ORD00338,PROD0014,6,158.83,0.1,857.68
SALE00819,ORD00339,PROD0021,6,1362.12,0.05,7764.08
SALE00820,ORD00340,PROD0010,5,521.27,0.0,2606.35
SALE00821,ORD00341,PROD0018,3,678.68,0.1,1832.44
SALE00822,ORD00341,PROD0019,6,538.55,0.0,3231.3
SALE00823,ORD00341,PROD0005,2,686.66,0.0,1373.32
SALE00824,ORD00342,PROD0015,5,1428.18,0.0,7140.9
SALE00825,ORD00342,PROD0025,2,587.47,0.05,1116.19
SALE00826,ORD00342,PROD0020,3,1082.31,0.05,3084.58
SALE00827,ORD00342,PROD0019,2,538.55,0.0,1077.1
SALE00828,ORD00343,PROD0003,6,1220.01,0.0,7320.06
SALE00829,ORD00343,PROD0016,5,935.43,0.05,4443.29
SALE00830,ORD00343,PROD0019,3,538.55,0.0,1615.65
SALE00831,ORD00344,PROD0017,2,562.14,0.0,1124.28
SALE00832,ORD00344,PROD0014,4,158.83,0.1,571.79
SALE00833,ORD00344,PROD0025,2,587.47,0.05,1116.19
SALE00834,ORD00344,PROD0023,4,1000.54,0.15,3401.84
SALE00835,ORD00345,PROD0018,6,678.68,0.1,3664.87
SALE00836,ORD00345,PROD0020,2,1082.31,0.0,2164.62
SALE00837,ORD00346,PROD0009,4,1602.75,0.0,6411.0
SALE00838,ORD00347,PROD0004,6,236.83,0.05,1349.93
SALE00839,ORD00348,PROD0012,6,965.33,0.0,5791.98
SALE00840,ORD00348,PROD0007,3,821.1,0.0,2463.3
SALE00841,ORD00348,PROD0011,3,169.74,0.1,458.3
SALE00842,ORD00348,PROD0020,4,1082.31,0.1,3896.32
SALE00843,ORD00349,PROD0015,2,1428.18,0.0,2856.36
SALE00844,ORD00349,PROD0002,6,746.98,0.0,4481.88
SALE00845,ORD00350,PROD0025,1,587.47,0.0,587.47
SALE00846,ORD00350,PROD0024,6,683.28,0.0,4099.68
SALE00847,ORD00351,PROD0031,2,540.82,0.0,1081.64
SALE00848,ORD00351,PROD0020,1,1082.31,0.0,1082.31
SALE00849,ORD00352,PROD0010,4,521.27,0.05,1980.83
SALE00850,ORD00353,PROD0011,2,169.74,0.15,288.56
SALE00851,ORD00354,PROD0007,5,821.1,0.0,4105.5
SALE00852,ORD00354,PROD0018,5,678.68,0.05,3223.73
SALE00853,ORD00355,PROD0023,1,1000.54,0.05,950.51
SALE00854,ORD00355,PROD0022,5,1602.87,0.15,6812.2
SALE00855,ORD00356,PROD0009,2,1602.75,0.0,3205.5
SALE00856,ORD00357,PROD0007,5,821.1,0.0,4105.5
SALE00857,ORD00357,PROD0026,1,895.09,0.05,850.34
SALE00858,ORD00357,PROD0023,6,1000.54,0.0,6003.24
SALE00859,ORD00358,PROD0013,6,1307.82,0.0,7846.92
SALE00860,ORD00359,PROD0028,3,1307.92,0.15,3335.2
SALE00861,ORD00359,PROD0004,4,236.83,0.0,947.32
SALE00862,ORD00359,PROD0001,4,1466.86,0.1,5280.7
SALE00863,ORD00360,PROD0029,3,223.02,0.05,635.61
SALE00864,ORD00361,PROD0006,2,1338.44,0.1,2409.19
SALE00865,ORD00362,PROD0018,1,678.68,0.0,678.68
SALE00866,ORD00362,PROD0030,5,984.64,0.0,4923.2
SALE00867,ORD00362,PROD0023,3,1000.54,0.05,2851.54
SALE00868,ORD00362,PROD0001,4,1466.86,0.15,4987.32
SALE00869,ORD00363,PROD0001,6,1466.86,0.0,8801.16
SALE00870,ORD00363,PROD0012,3,965.33,0.15,2461.59
SALE00871,ORD00364,PROD0008,1,339.36,0.15,288.46
SALE00872,ORD00364,PROD0017,3,562.14,0.05,1602.1
SALE00873,ORD00364,PROD0009,1,1602.75,0.1,1442.48
SALE00874,ORD00365,PROD0008,4,339.36,0.15,1153.82
SALE00875,ORD00365,PROD0005,2,686.66,0.0,1373.32
SALE00876,ORD00365,PROD0011,6,169.74,0.05,967.52
SALE00877,ORD00366,PROD0014,5,158.83,0.0,794.15
SALE00878,ORD00366,PROD0008,4,339.36,0.0,1357.44
SALE00879,ORD00367,PROD0015,2,1428.18,0.15,2427.91
SALE00880,ORD00367,PROD0018,2,678.68,0.1,1221.62
SALE00881,ORD00367,PROD0005,5,686.66,0.15,2918.3
SALE00882,ORD00368,PROD0028,3,1307.92,0.15,3335.2
SALE00883,ORD00368,PROD0005,6,686.66,0.1,3707.96
SALE00884,ORD00369,PROD0014,2,158.83,0.15,270.01
SALE00885,ORD00369,PROD0030,5,984.64,0.0,4923.2
SALE00886,ORD00370,PROD0003,6,1220.01,0.0,7320.06
SALE00887,ORD00370,PROD0018,2,678.68,0.0,1357.36
SALE00888,ORD00370,PROD0031,2,540.82,0.15,919.39
SALE00889,ORD00371,PROD0025,3,587.47,0.05,1674.29
SALE00890,ORD00372,PROD0010,6,521.27,0.15,2658.48
SALE00891,ORD00372,PROD0015,3,1428.18,0.0,4284.54
SALE00892,ORD00372,PROD0024,2,683.28,0.0,1366.56
SALE00893,ORD00372,PROD0030,2,984.64,0.0,1969.28
SALE00894,ORD00373,PROD0025,5,587.47,0.1,2643.62
SALE00895,ORD00374,PROD0020,5,1082.31,0.0,5411.55
SALE00896,ORD00374,PROD0019,2,538.55,0.15,915.53
SALE00897,ORD00374,PROD0008,1,339.36,0.0,339.36
SALE00898,ORD00375,PROD0023,4,1000.54,0.0,4002.16
SALE00899,ORD00376,PROD0023,4,1000.54,0.05,3802.05
SALE00900,ORD00376,PROD0021,4,1362.12,0.0,5448.48
SALE00901,ORD00376,PROD0012,2,965.33,0.0,1930.66
SALE00902,ORD00376,PROD0006,2,1338.44,0.0,2676.88
SALE00903,ORD00377,PROD0025,4,587.47,0.0,2349.88
SALE00904,ORD00377,PROD0001,6,1466.86,0.15,7480.99
SALE00905,ORD00377,PROD0030,2,984.64,0.0,1969.28
SALE00906,ORD00377,PROD0009,1,1602.75,0.0,1602.75
SALE00907,ORD00378,PROD0028,3,1307.92,0.05,3727.57
SALE00908,ORD00378,PROD0020,2,1082.31,0.05,2056.39
SALE00909,ORD00378,PROD0016,4,935.43,0.0,3741.72
SALE00910,ORD00378,PROD0023,5,1000.54,0.15,4252.3
SALE00911,ORD00379,PROD0024,6,683.28,0.1,3689.71
SALE00912,ORD00379,PROD0011,5,169.74,0.1,763.83
SALE00913,ORD00379,PROD0013,5,1307.82,0.15,5558.24
SALE00914,ORD00379,PROD0020,6,1082.31,0.0,6493.86
SALE00915,ORD00380,PROD0015,4,1428.18,0.0,5712.72
SALE00916,ORD00381,PROD0017,4,562.14,0.15,1911.28
SALE00917,ORD00381,PROD0018,1,678.68,0.1,610.81
SALE00918,ORD00382,PROD0017,1,562.14,0.0,562.14
SALE00919,ORD00382,PROD0025,3,587.47,0.05,1674.29
SALE00920,ORD00382,PROD0021,4,1362.12,0.0,5448.48
SALE00921,ORD00382,PROD0031,3,540.82,0.05,1541.34
SALE00922,ORD00383,PROD0014,5,158.83,0.0,794.15
SALE00923,ORD00383,PROD0010,6,521.27,0.1,2814.86
SALE00924,ORD00384,PROD0015,6,1428.18,0.05,8140.63
SALE00925,ORD00384,PROD0027,1,1058.72,0.15,899.91
SALE00926,ORD00385,PROD0006,5,1338.44,0.15,5688.37
SALE00927,ORD00386,PROD0013,3,1307.82,0.05,3727.29
SALE00928,ORD00386,PROD0014,1,158.83,0.0,158.83
SALE00929,ORD00387,PROD0019,4,538.55,0.0,2154.2
SALE00930,ORD00387,PROD0029,3,223.02,0.0,669.06
SALE00931,ORD00387,PROD0023,6,1000.54,0.15,5102.75
SALE00932,ORD00387,PROD0007,6,821.1,0.0,4926.6
SALE00933,ORD00388,PROD0003,1,1220.01,0.15,1037.01
SALE00934,ORD00389,PROD0021,6,1362.12,0.05,7764.08
SALE00935,ORD00389,PROD0012,6,965.33,0.1,5212.78
SALE00936,ORD00389,PROD0003,5,1220.01,0.0,6100.05
SALE00937,ORD00389,PROD0017,4,562.14,0.1,2023.7
SALE00938,ORD00390,PROD0002,3,746.98,0.1,2016.85
SALE00939,ORD00390,PROD0025,6,587.47,0.0,3524.82
SALE00940,ORD00390,PROD0006,2,1338.44,0.0,2676.88
SALE00941,ORD00390,PROD0030,2,984.64,0.15,1673.89
SALE00942,ORD00391,PROD0014,3,158.83,0.0,476.49
SALE00943,ORD00392,PROD0010,2,521.27,0.0,1042.54
SALE00944,ORD00392,PROD0021,1,1362.12,0.1,1225.91
SALE00945,ORD00392,PROD0006,3,1338.44,0.0,4015.32
SALE00946,ORD00392,PROD0004,4,236.83,0.05,899.95
SALE00947,ORD00393,PROD0018,4,678.68,0.0,2714.72
SALE00948,ORD00393,PROD0026,2,895.09,0.1,1611.16
SALE00949,ORD00393,PROD0001,6,1466.86,0.05,8361.1
SALE00950,ORD00393,PROD0020,4,1082.31,0.05,4112.78
SALE00951,ORD00394,PROD0003,5,1220.01,0.0,6100.05
SALE00952,ORD00394,PROD0020,5,1082.31,0.15,4599.82
SALE00953,ORD00394,PROD0001,5,1466.86,0.0,7334.3
SALE00954,ORD00394,PROD0008,1,339.36,0.0,339.36
SALE00955,ORD00395,PROD0002,3,746.98,0.0,2240.94
SALE00956,ORD00395,PROD0021,2,1362.12,0.0,2724.24
SALE00957,ORD00396,PROD0011,1,169.74,0.0,169.74
SALE00958,ORD00396,PROD0030,4,984.64,0.0,3938.56
SALE00959,ORD00396,PROD0003,2,1220.01,0.15,2074.02
SALE00960,ORD00397,PROD0020,6,1082.31,0.1,5844.47
SALE00961,ORD00397,PROD0022,5,1602.87,0.1,7212.92
SALE00962,ORD00397,PROD0023,2,1000.54,0.05,1901.03
SALE00963,ORD00398,PROD0030,3,984.64,0.0,2953.92
SALE00964,ORD00398,PROD0002,3,746.98,0.05,2128.89
SALE00965,ORD00398,PROD0003,1,1220.01,0.05,1159.01
SALE00966,ORD00399,PROD0010,4,521.27,0.0,2085.08
SALE00967,ORD00400,PROD0023,3,1000.54,0.0,3001.62
SALE00968,ORD00401,PROD0017,1,562.14,0.0,562.14
SALE00969,ORD00401,PROD0007,5,821.1,0.15,3489.68
SALE00970,ORD00401,PROD0023,6,1000.54,0.1,5402.92
SALE00971,ORD00401,PROD0020,1,1082.31,0.05,1028.19
SALE00972,ORD00402,PROD0014,3,158.83,0.0,476.49
SALE00973,ORD00402,PROD0020,5,1082.31,0.1,4870.39
SALE00974,ORD00402,PROD0028,5,1307.92,0.0,6539.6
SALE00975,ORD00403,PROD0020,4,1082.31,0.1,3896.32
SALE00976,ORD00403,PROD0019,6,538.55,0.15,2746.6
SALE00977,ORD00404,PROD0016,5,935.43,0.0,4677.15
SALE00978,ORD00404,PROD0026,6,895.09,0.0,5370.54
SALE00979,ORD00404,PROD0006,2,1338.44,0.0,2676.88
SALE00980,ORD00404,PROD0029,1,223.02,0.0,223.02
SALE00981,ORD00405,PROD0021,2,1362.12,0.1,2451.82
SALE00982,ORD00405,PROD0026,4,895.09,0.05,3401.34
SALE00983,ORD00405,PROD0004,1,236.83,0.0,236.83
SALE00984,ORD00405,PROD0024,3,683.28,0.1,1844.86
SALE00985,ORD00406,PROD0001,2,1466.86,0.15,2493.66
SALE00986,ORD00406,PROD0021,3,1362.12,0.0,4086.36
SALE00987,ORD00407,PROD0010,3,521.27,0.1,1407.43
SALE00988,ORD00408,PROD0025,6,587.47,0.0,3524.82
SALE00989,ORD00408,PROD0001,3,1466.86,0.05,4180.55
SALE00990,ORD00408,PROD0004,6,236.83,0.1,1278.88
SALE00991,ORD00409,PROD0027,2,1058.72,0.0,2117.44
SALE00992,ORD00410,PROD0027,6,1058.72,0.05,6034.7
SALE00993,ORD00410,PROD0011,4,169.74,0.0,678.96
SALE00994,ORD00410,PROD0030,6,984.64,0.0,5907.84
SALE00995,ORD00411,PROD0005,5,686.66,0.0,3433.3
SALE00996,ORD00411,PROD0021,4,1362.12,0.05,5176.06
SALE00997,ORD00411,PROD0015,6,1428.18,0.0,8569.08
SALE00998,ORD00411,PROD0029,5,223.02,0.0,1115.1
SALE00999,ORD00412,PROD0018,5,678.68,0.15,2884.39
SALE01000,ORD00412,PROD0001,3,1466.86,0.0,4400.58
SALE01001,ORD00412,PROD0007,1,821.1,0.0,821.1
SALE01002,ORD00413,PROD0027,4,1058.72,0.15,3599.65
SALE01003,ORD00413,PROD0001,5,1466.86,0.0,7334.3
SALE01004,ORD00413,PROD0011,5,169.74,0.1,763.83
SALE01005,ORD00414,PROD0006,3,1338.44,0.15,3413.02
SALE01006,ORD00414,PROD0020,3,1082.31,0.15,2759.89
SALE01007,ORD00414,PROD0004,1,236.83,0.0,236.83
SALE01008,ORD00414,PROD0028,4,1307.92,0.0,5231.68
SALE01009,ORD00415,PROD0029,3,223.02,0.0,669.06
SALE01010,ORD00415,PROD0008,5,339.36,0.0,1696.8
SALE01011,ORD00415,PROD0012,2,965.33,0.0,1930.66
SALE01012,ORD00415,PROD0015,3,1428.18,0.0,4284.54
SALE01013,ORD00416,PROD0030,4,984.64,0.1,3544.7
SALE01014,ORD00416,PROD0003,1,1220.01,0.05,1159.01
SALE01015,ORD00417,PROD0007,4,821.1,0.15,2791.74
SALE01016,ORD00417,PROD0011,5,169.74,0.0,848.7
SALE01017,ORD00418,PROD0005,1,686.66,0.1,617.99
SALE01018,ORD00418,PROD0025,6,587.47,0.0,3524.82
SALE01019,ORD00418,PROD0028,2,1307.92,0.15,2223.46
SALE01020,ORD00419,PROD0015,4,1428.18,0.15,4855.81
SALE01021,ORD00420,PROD0001,3,1466.86,0.0,4400.58
SALE01022,ORD00421,PROD0011,4,169.74,0.0,678.96
SALE01023,ORD00422,PROD0017,6,562.14,0.15,2866.91
SALE01024,ORD00423,PROD0001,3,1466.86,0.15,3740.49
SALE01025,ORD00423,PROD0019,2,538.55,0.0,1077.1
SALE01026,ORD00423,PROD0025,2,587.47,0.0,1174.94
SALE01027,ORD00424,PROD0009,4,1602.75,0.15,5449.35
SALE01028,ORD00424,PROD0018,1,678.68,0.0,678.68
SALE01029,ORD00424,PROD0011,2,169.74,0.0,339.48
SALE01030,ORD00425,PROD0004,5,236.83,0.1,1065.74
SALE01031,ORD00425,PROD0001,5,1466.86,0.0,7334.3
SALE01032,ORD00425,PROD0031,2,540.82,0.1,973.48
SALE01033,ORD00426,PROD0018,2,678.68,0.15,1153.76
SALE01034,ORD00426,PROD0011,3,169.74,0.1,458.3
SALE01035,ORD00426,PROD0009,2,1602.75,0.0,3205.5
SALE01036,ORD00427,PROD0010,5,521.27,0.0,2606.35
SALE01037,ORD00428,PROD0002,6,746.98,0.0,4481.88
SALE01038,ORD00428,PROD0005,1,686.66,0.05,652.33
SALE01039,ORD00428,PROD0001,1,1466.86,0.0,1466.86
SALE01040,ORD00428,PROD0016,4,935.43,0.05,3554.63
SALE01041,ORD00429,PROD0023,5,1000.54,0.15,4252.3
SALE01042,ORD00429,PROD0020,6,1082.31,0.15,5519.78
SALE01043,ORD00430,PROD0020,2,1082.31,0.15,1839.93
SALE01044,ORD00430,PROD0012,6,965.33,0.1,5212.78
SALE01045,ORD00430,PROD0010,1,521.27,0.05,495.21
SALE01046,ORD00430,PROD0011,5,169.74,0.0,848.7
SALE01047,ORD00431,PROD0027,6,1058.72,0.05,6034.7
SALE01048,ORD00432,PROD0015,3,1428.18,0.15,3641.86
SALE01049,ORD00433,PROD0016,5,935.43,0.0,4677.15
SALE01050,ORD00433,PROD0008,3,339.36,0.05,967.18
SALE01051,ORD00433,PROD0031,2,540.82,0.15,919.39
SALE01052,ORD00433,PROD0005,6,686.66,0.0,4119.96
SALE01053,ORD00434,PROD0015,1,1428.18,0.05,1356.77
SALE01054,ORD00434,PROD0016,1,935.43,0.0,935.43
SALE01055,ORD00434,PROD0001,4,1466.86,0.05,5574.07
SALE01056,ORD00435,PROD0010,3,521.27,0.1,1407.43
SALE01057,ORD00435,PROD0025,5,587.47,0.0,2937.35
SALE01058,ORD00436,PROD0013,6,1307.82,0.0,7846.92
SALE01059,ORD00437,PROD0018,3,678.68,0.1,1832.44
SALE01060,ORD00437,PROD0021,4,1362.12,0.05,5176.06
SALE01061,ORD00437,PROD0003,5,1220.01,0.05,5795.05
SALE01062,ORD00438,PROD0020,5,1082.31,0.0,5411.55
SALE01063,ORD00438,PROD0008,4,339.36,0.05,1289.57
SALE01064,ORD00439,PROD0011,2,169.74,0.15,288.56
SALE01065,ORD00440,PROD0026,5,895.09,0.15,3804.13
SALE01066,ORD00440,PROD0014,2,158.83,0.0,317.66
SALE01067,ORD00440,PROD0019,6,538.55,0.15,2746.6
SALE01068,ORD00440,PROD0011,1,169.74,0.15,144.28
SALE01069,ORD00441,PROD0004,3,236.83,0.1,639.44
SALE01070,ORD00441,PROD0019,1,538.55,0.05,511.62
SALE01071,ORD00441,PROD0020,2,1082.31,0.0,2164.62
SALE01072,ORD00441,PROD0015,4,1428.18,0.0,5712.72
SALE01073,ORD00442,PROD0022,5,1602.87,0.05,7613.63
SALE01074,ORD00443,PROD0016,1,935.43,0.0,935.43
SALE01075,ORD00443,PROD0021,2,1362.12,0.0,2724.24
SALE01076,ORD00443,PROD0022,5,1602.87,0.15,6812.2
SALE01077,ORD00444,PROD0025,2,587.47,0.15,998.7
SALE01078,ORD00445,PROD0015,3,1428.18,0.05,4070.31
SALE01079,ORD00445,PROD0018,5,678.68,0.1,3054.06
SALE01080,ORD00446,PROD0007,3,821.1,0.1,2216.97
SALE01081,ORD00446,PROD0022,6,1602.87,0.0,9617.22
SALE01082,ORD00446,PROD0029,4,223.02,0.15,758.27
SALE01083,ORD00446,PROD0011,3,169.74,0.0,509.22
SALE01084,ORD00447,PROD0020,5,1082.31,0.05,5140.97
SALE01085,ORD00448,PROD0028,1,1307.92,0.0,1307.92
SALE01086,ORD00448,PROD0010,5,521.27,0.0,2606.35
SALE01087,ORD00449,PROD0023,5,1000.54,0.0,5002.7
SALE01088,ORD00450,PROD0028,3,1307.92,0.0,3923.76
SALE01089,ORD00451,PROD0014,5,158.83,0.05,754.44
SALE01090,ORD00451,PROD0023,6,1000.54,0.0,6003.24
SALE01091,ORD00452,PROD0013,6,1307.82,0.0,7846.92
SALE01092,ORD00452,PROD0014,4,158.83,0.0,635.32
SALE01093,ORD00452,PROD0018,2,678.68,0.1,1221.62
SALE01094,ORD00452,PROD0007,4,821.1,0.0,3284.4
SALE01095,ORD00453,PROD0005,2,686.66,0.0,1373.32
SALE01096,ORD00453,PROD0010,1,521.27,0.0,521.27
SALE01097,ORD00453,PROD0028,6,1307.92,0.0,7847.52
SALE01098,ORD00453,PROD0022,2,1602.87,0.15,2724.88
SALE01099,ORD00454,PROD0022,2,1602.87,0.15,2724.88
SALE01100,ORD00454,PROD0014,4,158.83,0.05,603.55
SALE01101,ORD00454,PROD0005,6,686.66,0.1,3707.96
SALE01102,ORD00454,PROD0003,4,1220.01,0.1,4392.04
SALE01103,ORD00455,PROD0015,4,1428.18,0.1,5141.45
SALE01104,ORD00455,PROD0017,4,562.14,0.05,2136.13
SALE01105,ORD00456,PROD0008,5,339.36,0.0,1696.8
SALE01106,ORD00456,PROD0006,5,1338.44,0.05,6357.59
SALE01107,ORD00456,PROD0014,6,158.83,0.0,952.98
SALE01108,ORD00457,PROD0014,5,158.83,0.0,794.15
SALE01109,ORD00457,PROD0030,1,984.64,0.0,984.64
SALE01110,ORD00457,PROD0018,5,678.68,0.05,3223.73
SALE01111,ORD00458,PROD0004,6,236.83,0.0,1420.98
SALE01112,ORD00458,PROD0019,2,538.55,0.15,915.53
SALE01113,ORD00458,PROD0016,6,935.43,0.1,5051.32
SALE01114,ORD00459,PROD0015,5,1428.18,0.1,6426.81
SALE01115,ORD00459,PROD0017,1,562.14,0.0,562.14
SALE01116,ORD00459,PROD0003,4,1220.01,0.15,4148.03
SALE01117,ORD00460,PROD0022,6,1602.87,0.1,8655.5
SALE01118,ORD00461,PROD0020,3,1082.31,0.1,2922.24
SALE01119,ORD00461,PROD0002,1,746.98,0.05,709.63
SALE01120,ORD00461,PROD0029,4,223.02,0.1,802.87
SALE01121,ORD00462,PROD0019,3,538.55,0.0,1615.65
SALE01122,ORD00462,PROD0024,3,683.28,0.0,2049.84
SALE01123,ORD00462,PROD0011,1,169.74,0.15,144.28
SALE01124,ORD00462,PROD0014,5,158.83,0.15,675.03
SALE01125,ORD00463,PROD0024,3,683.28,0.0,2049.84
SALE01126,ORD00463,PROD0026,6,895.09,0.05,5102.01
SALE01127,ORD00463,PROD0019,5,538.55,0.0,2692.75
SALE01128,ORD00464,PROD0022,3,1602.87,0.15,4087.32
SALE01129,ORD00465,PROD0010,4,521.27,0.0,2085.08
SALE01130,ORD00466,PROD0017,3,562.14,0.0,1686.42
SALE01131,ORD00466,PROD0003,2,1220.01,0.1,2196.02
SALE01132,ORD00467,PROD0009,6,1602.75,0.0,9616.5
SALE01133,ORD00467,PROD0028,5,1307.92,0.0,6539.6
SALE01134,ORD00467,PROD0001,5,1466.86,0.15,6234.15
SALE01135,ORD00468,PROD0022,3,1602.87,0.0,4808.61
SALE01136,ORD00468,PROD0015,3,1428.18,0.15,3641.86
SALE01137,ORD00469,PROD0016,5,935.43,0.0,4677.15
SALE01138,ORD00469,PROD0006,3,1338.44,0.0,4015.32
SALE01139,ORD00470,PROD0020,2,1082.31,0.05,2056.39
SALE01140,ORD00470,PROD0030,4,984.64,0.05,3741.63
SALE01141,ORD00471,PROD0022,6,1602.87,0.15,8174.64
SALE01142,ORD00471,PROD0015,2,1428.18,0.0,2856.36
SALE01143,ORD00472,PROD0002,1,746.98,0.0,746.98
SALE01144,ORD00472,PROD0021,2,1362.12,0.05,2588.03
SALE01145,ORD00472,PROD0009,4,1602.75,0.05,6090.45
SALE01146,ORD00473,PROD0016,5,935.43,0.0,4677.15
SALE01147,ORD00473,PROD0024,4,683.28,0.15,2323.15
SALE01148,ORD00473,PROD0031,6,540.82,0.05,3082.67
SALE01149,ORD00474,PROD0009,4,1602.75,0.0,6411.0
SALE01150,ORD00474,PROD0005,3,686.66,0.05,1956.98
SALE01151,ORD00474,PROD0017,4,562.14,0.15,1911.28
SALE01152,ORD00474,PROD0028,3,1307.92,0.1,3531.38
SALE01153,ORD00475,PROD0004,5,236.83,0.15,1006.53
SALE01154,ORD00476,PROD0031,5,540.82,0.15,2298.48
SALE01155,ORD00476,PROD0028,3,1307.92,0.0,3923.76
SALE01156,ORD00476,PROD0014,3,158.83,0.0,476.49
SALE01157,ORD00477,PROD0009,6,1602.75,0.1,8654.85
SALE01158,ORD00478,PROD0015,2,1428.18,0.15,2427.91
SALE01159,ORD00478,PROD0025,6,587.47,0.1,3172.34
SALE01160,ORD00478,PROD0022,2,1602.87,0.1,2885.17
SALE01161,ORD00478,PROD0024,3,683.28,0.15,1742.36
SALE01162,ORD00479,PROD0011,1,169.74,0.15,144.28
SALE01163,ORD00479,PROD0018,1,678.68,0.0,678.68
SALE01164,ORD00480,PROD0014,1,158.83,0.1,142.95
SALE01165,ORD00481,PROD0022,4,1602.87,0.0,6411.48
SALE01166,ORD00482,PROD0024,3,683.28,0.0,2049.84
SALE01167,ORD00482,PROD0010,1,521.27,0.0,521.27
SALE01168,ORD00483,PROD0002,5,746.98,0.15,3174.66
SALE01169,ORD00484,PROD0031,6,540.82,0.0,3244.92
SALE01170,ORD00484,PROD0020,6,1082.31,0.0,6493.86
SALE01171,ORD00485,PROD0028,5,1307.92,0.0,6539.6
SALE01172,ORD00486,PROD0022,5,1602.87,0.0,8014.35
SALE01173,ORD00486,PROD0025,1,587.47,0.15,499.35
SALE01174,ORD00486,PROD0029,2,223.02,0.0,446.04
SALE01175,ORD00486,PROD0021,3,1362.12,0.05,3882.04
SALE01176,ORD00487,PROD0021,4,1362.12,0.0,5448.48
SALE01177,ORD00488,PROD0023,3,1000.54,0.0,3001.62
SALE01178,ORD00488,PROD0029,2,223.02,0.0,446.04
SALE01179,ORD00488,PROD0022,3,1602.87,0.0,4808.61
SALE01180,ORD00488,PROD0025,4,587.47,0.05,2232.39
SALE01181,ORD00489,PROD0002,3,746.98,0.0,2240.94
SALE01182,ORD00489,PROD0009,4,1602.75,0.0,6411.0
SALE01183,ORD00489,PROD0031,4,540.82,0.0,2163.28
SALE01184,ORD00490,PROD0006,2,1338.44,0.1,2409.19
SALE01185,ORD00490,PROD0021,4,1362.12,0.0,5448.48
SALE01186,ORD00490,PROD0016,5,935.43,0.15,3975.58
SALE01187,ORD00490,PROD0004,1,236.83,0.05,224.99
SALE01188,ORD00491,PROD0004,1,236.83,0.1,213.15
SALE01189,ORD00491,PROD0002,6,746.98,0.0,4481.88
SALE01190,ORD00491,PROD0003,4,1220.01,0.0,4880.04
SALE01191,ORD00492,PROD0005,1,686.66,0.15,583.66
SALE01192,ORD00492,PROD0021,4,1362.12,0.0,5448.48
SALE01193,ORD00492,PROD0001,2,1466.86,0.15,2493.66
SALE01194,ORD00492,PROD0030,3,984.64,0.05,2806.22
SALE01195,ORD00493,PROD0017,6,562.14,0.05,3204.2
SALE01196,ORD00494,PROD0014,1,158.83,0.1,142.95
SALE01197,ORD00494,PROD0013,2,1307.82,0.0,2615.64
SALE01198,ORD00494,PROD0028,4,1307.92,0.15,4446.93
SALE01199,ORD00494,PROD0024,4,683.28,0.0,2733.12
SALE01200,ORD00495,PROD0011,4,169.74,0.0,678.96
SALE01201,ORD00495,PROD0022,6,1602.87,0.15,8174.64
SALE01202,ORD00495,PROD0010,1,521.27,0.0,521.27
SALE01203,ORD00496,PROD0003,3,1220.01,0.15,3111.03
SALE01204,ORD00496,PROD0027,2,1058.72,0.0,2117.44
SALE01205,ORD00496,PROD0015,5,1428.18,0.0,7140.9
SALE01206,ORD00497,PROD0022,4,1602.87,0.0,6411.48
SALE01207,ORD00497,PROD0007,6,821.1,0.15,4187.61
SALE01208,ORD00497,PROD0010,3,521.27,0.05,1485.62
SALE01209,ORD00497,PROD0023,1,1000.54,0.15,850.46
SALE01210,ORD00498,PROD0024,2,683.28,0.0,1366.56
SALE01211,ORD00498,PROD0007,6,821.1,0.1,4433.94
SALE01212,ORD00498,PROD0005,2,686.66,0.05,1304.65
SALE01213,ORD00498,PROD0002,4,746.98,0.0,2987.92
SALE01214,ORD00499,PROD0016,4,935.43,0.0,3741.72
SALE01215,ORD00499,PROD0018,1,678.68,0.0,678.68
SALE01216,ORD00499,PROD0031,1,540.82,0.0,540.82
SALE01217,ORD00500,PROD0013,1,1307.82,0.0,1307.82
